5-HTP,5-HTP,Blue,50 mg,200 mg,Serotonin-prekursor.,Crosses BBB. Do not combine with SSRI.,High. Risk of serotonin syndrome.,FALSE,5; 7
5-HTP,5-HTP,Blue,100 mg,300 mg,Serotonin.,Goes directly to the brain.,High. Serotonergic syndrome.,FALSE,5; 7
7-Keto DHEA,7-Keto DHEA,Green,100 mg,400 mg,Metabolism (termogenes).,Not converted to sex hormone.,Low.,FALSE,6
"7,8-DHF","7,8-Dihydroxyflavone",Blue,10 mg,30 mg,BDNF-mimetikum (TrkB-agonist).,Neuroplasticitet.,Low.,FALSE,4
A-vitamin,Vitamin A,Green,3000 IU,10000 IU,Mucous membranes (barrier).,Infektionsskydd.,Medium.,TRUE,1
A-vitamin (Retinol),Vitamin A (Retinol),Green,700 mcg,900 mcg,"Vision, skin, immune system.",Fat-soluble.,Medium. Teratogen during pregnancy (high dose).,TRUE,1
Acai,Acai Berry,Green,500 mg,1000 mg,Antioxidant (antocyaniner).,Superfood.,Low.,FALSE,1
Acetyl-L-Karnitin,Acetyl-L-Carnitine (ALCAR),Green,500 mg,1500 mg,"Mitokondriell energi, fokus.",Crosses BBB better than L-Carnitine.,Low. May be stimulating.,FALSE,4; 6; 8
Acetyl-L-Karnitin,ALCAR,Green,500 mg,1500 mg,Mental energi.,Mitokondrier.,Low.,FALSE,4; 8
Adrafinil,Adrafinil,Blue,300 mg,600 mg,Vakenhet (Modafinil-prodrug).,Belastar levern (leverenzym).,Medium. Liver values.,FALSE,4
Agaricus Blazei,Agaricus Blazei,Blue,500 mg,1000 mg,Strong immune support.,Mandel-svamp.,Low.,FALSE,1
Agmatin,Agmatine Sulfate,Blue,500 mg,1000 mg,"Pump, pain, mood.",Inhibits NOS (nitric oxide synthase)?,Low.,FALSE,3; 4
Agmatinsulfat,Agmatine Sulfate,Blue,500 mg,1000 mg,"Neuropathy, mood, pump.",Arginin-metabolit.,Low.,FALSE,4; 3; 5
Aktivt Kol,Activated Charcoal,Green,500 mg,1000 mg,"Acute detox, gases.",Binds everything (including medicine/nutrition).,Medium. Do not take with food/medication.,FALSE,1
ALA,Alpha Lipoic Acid,Green,300 mg,600 mg,"Insulin, nerver.",Neuropati.,Low.,FALSE,6
ALA (Alfa-Liponsyra),Alpha-Lipoic Acid (R-ALA),Green,300 mg,600 mg,"Antioxidant, insulin, neuropati.",The R-form is natural/bioavailable.,Medium. Lowers blood sugar.,FALSE,6; 8; 4
Alfa-GPC,Alpha-GPC,Green,300 mg,600 mg,Acetylkolin.,Fokus/Minne.,Low.,FALSE,4; 2
Alfa-Liponsyra (ALA),Alpha Lipoic Acid,Green,300 mg,600 mg,"Insulin, antioxidant.",Racemic mixture (cheaper than R).,Low.,FALSE,6; 8
Aloe Vera (Gel),Aloe Vera Gel,Green,50 ml,100 ml,Tarmslemhinna.,Undvik latex-delen (laxerande).,Low.,FALSE,1
Aloe Vera (Juice),Aloe Vera Juice,Green,30 ml,100 ml,"Digestion, soothing.",Choose purified (without aloin/latex).,Low. Laxative if not purified.,FALSE,1
Alpha-GPC,Alpha-GPC,Green,300 mg,600 mg,Colin source for brain and power.,Korsar BBB effektivt.,Low.,FALSE,4; 2; 3
Andrographis,Andrographis Paniculata,Green,200 mg,400 mg,Upper respiratory tract infection.,"""King of Bitters"".",Low.,FALSE,1
Aniracetam,Aniracetam,Blue,750 mg,1500 mg,"Creativity, anxiety, focus.",Fat-soluble racetam.,Low.,FALSE,4
Anis,Anise Seed,Blue,500 mg,1000 mg,Gaser.,Traditional use.,Low.,FALSE,1
Apigenin,Apigenin,Blue,50 mg,200 mg,"Sleep, CD38 inhibitor (NAD+).",From chamomile/parley.,Low.,FALSE,7; 8
Apigenin (Kamomill),Chamomile Extract (Apigenin),Green,200 mg,500 mg,"Sleep, NAD+ (CD38 inhibitor).",Extract standardized for apigenin.,Low.,FALSE,7; 8
Arachidonsyra,Arachidonic Acid,Green,1 g,1.5 g,Inflammation for muscle growth.,"""Pro-inflammatorisk"" anabol signal.",Medium. Not for chronic inflammation.,FALSE,2
Arginin AKG,Arginine Alpha-Ketoglutarate,Blue,3 g,6 g,Pump (better than L-Arg?).,Questionable bioavailability.,Low.,FALSE,3
Ashwagandha,Ashwagandha,Green,300 mg,600 mg,"Sleep, stress.","""Somnifera"" means sleep-inducing.",Low.,FALSE,7; 5
Ashwagandha (KSM-66),Ashwagandha (KSM-66),Green,300 mg,600 mg,"Feel free to cycle (e.g. 8 weeks on, 2 off).",Taken with food or in the evening.,Medium. May affect thyroid/sedative.,FALSE,5; 2; 7
Astaxanthin,Astaxanthin,Green,4 mg,12 mg,"Sun protection from within, radiance.",Karotenoid.,Low.,FALSE,1
Astaxantin,Astaxanthin,Green,4 mg,12 mg,"Potent antioxidant, skin, eyes.",Fat-soluble carotenoid.,Low.,FALSE,8; 3; 1
Astaxantin (Naturlig),Astaxanthin (Natural),Green,4 mg,12 mg,"Skin, endurance, eyes.",From microalgae.,Low.,FALSE,8; 3
Astragalus,Astragalus Root,Green,500 mg,2000 mg,Immune-boosting (long-term).,Increases white blood cells.,Low.,FALSE,1
B-Komplex,B-Complex,Green,1 dos,1 dos,"Stress, nerver.",Cofactors for neurotransmitters.,Low.,TRUE,5; 1
B-vitaminer,B-Complex,Green,-,-,"Homocystein, metylering.",Brain atrophy protection.,Low.,TRUE,4; 1
Bacopa,Bacopa Monnieri,Green,300 mg,600 mg,"Memory, learning.",Bacosider.,Low.,FALSE,4
Bacopa Monnieri (Synapsa),Bacopa Monnieri (Synapsa),Green,320 mg,640 mg,Takes 4-6 weeks for full effect on memory.,Taken with fat (fat-soluble bacosides).,Low. May cause gastrointestinal discomfort/fatigue.,FALSE,4; 5
Banabablad,Banaba Leaf,Green,50 mg,100 mg,Blodsocker (insulin-mimic).,Korosolsyra.,Low. Hypoglycemia risk?,FALSE,6
BCAA (2:1:1),BCAA (Branched Chain Amino Acids),Green,5 g,10 g,"Reduced fatigue, muscle-sparing.",EAA often better for growth.,Low.,FALSE,2; 3
Benfotiamin,Benfotiamine,Green,150 mg,600 mg,Fat-soluble B1 for diabetic neuropathy/AGEs.,Much higher absorption than thiamine.,Low.,FALSE,6; 8; 4
Berberin,Berberine HCL,Green,500 mg,1500 mg,"AMPK-aktivering, blodsocker.","Poor absorption, affects gut flora.",Medium. Interacts with CYP enzyme.,FALSE,6; 8
Berberin,Berberine,Green,500 mg,1500 mg,Blodsocker.,Metformin-liknande.,Medium.,FALSE,6
Berberin (Fytosom),Berberine Phytosome,Green,250 mg,500 mg,5-10x better absorption than HCL.,Gentler on the stomach.,Medium.,FALSE,6; 8
Beta-Alanine,Beta-Alanine,Green,3.2 g,6.4 g,Buffers lactic acid. Tingling harmless.,Requires loading over weeks.,Low. Paresthesia (tingling).,FALSE,3; 2
Betain (TMG),Betaine Anhydrous (TMG),Green,1.5 g,2.5 g,"Methyl donor, increases power output.",Supports SAMe production.,Low.,FALSE,3; 6; 8
Betain HCL,Betaine HCL,Blue,500 mg,1500 mg,Increases stomach acid.,Only for those with low stomach acid.,Medium. Not for use in case of stomach ulcers.,FALSE,1; 6
Betain HCL,Betaine HCL,Blue,500 mg,1500 mg,Stomach acid support.,Take in the middle of a meal. Not for wounds.,Medium. Does not burn if not needed.,FALSE,1
Betakaroten,Beta-Carotene,Green,3 mg,15 mg,"Provitamin A, hudskydd.",Converted to A as needed (safer).,Low. 'Smoker's paradox' risk?,TRUE,1; 8
Betasitosterol,Beta-Sitosterol,Green,300 mg,600 mg,"Prostata, kolesterol.",Plant sterol.,Low.,FALSE,1; 6
Bidrottninggelé,Royal Jelly,Blue,500 mg,1000 mg,"Vitalitet, immun.",Nutrient-dense.,Low. Allergy?,FALSE,1
Bifidobacterium Longum,Bifidobacterium Longum,Green,1 mdr,10 mdr,"Stress, mage.",Psykobiotika.,Low.,FALSE,1; 5
Bioperine (Svartpeppar),Bioperine (Black Pepper Extract),Green,5 mg,10 mg,Increases the absorption of other substances.,Inhibits glucuronidation in the liver.,Medium. Affects medication absorption.,FALSE,1; 9
Biotin,Biotin (Vitamin B7),Green,1000 mcg,5000 mcg,"Hair, skin, nails.",Water-soluble.,Low. Disturb lab tests (thyroid/heart).,TRUE,1
Biotin,Biotin,Green,2500 mcg,10000 mcg,"Hair growth, nails.",B-vitamin.,Low. Lab test interference.,TRUE,1
Bittermelon,Bitter Melon,Green,500 mg,1000 mg,Blodsocker.,Contains charantin.,Low.,FALSE,6
Bittermelon,Bitter Melon,Blue,500 mg,1000 mg,Blodsocker.,Plant insulin.,Low.,FALSE,6
Björkblad,Birch Leaf,Blue,500 mg,1000 mg,"Urinary tract, detox.",Diuretisk.,Low.,FALSE,1
Blåbärsextrakt,Blueberry Extract,Green,500 mg,1000 mg,"Minne, antioxidant.",Antocyaniner.,Low.,FALSE,4; 1
Bockhornsklöver,Fenugreek,Green,500 mg,1000 mg,"Libido, blodsocker.",Testofen-extrakt.,Low.,FALSE,2; 6
Bockhornsklöver,Fenugreek,Green,500 mg,1000 mg,Blodsocker efter mat.,Fiber/Saponiner.,Low.,FALSE,6
Bor (Boron),Boron (Citrate/Glycinate),Green,3 mg,9 mg,"Fritt testosteron, ben.",Lowers SHBG.,Low.,FALSE,2; 9
Boron,Boron,Green,3 mg,10 mg,"Bone health, hormones.",Lowers SHBG (increases free testosterone).,Low.,FALSE,9; 2; 1
Boron,Boron,Green,6 mg,12 mg,Fritt testosteron.,Lowers SHBG.,Low.,FALSE,2; 9
Boswellia,Boswellia Serrata,Green,300 mg,500 mg,Inflammation (leder).,AKBA (5-LOX inhibitor).,Low.,FALSE,9
Boswellia (ApresFlex),Boswellia (ApresFlex),Green,100 mg,200 mg,"Leads, fast-acting.",High bioavailability of AKBA.,Low.,FALSE,9
Boswellia Serrata,Boswellia Serrata (AKBA),Green,300 mg,500 mg,"5-LOX inhibitor, joint pain.",Choose extracts with a high AKBA content.,Low.,FALSE,9; 1
Broccoligroddar,Broccoli Sprout (Sulforaphane),Green,20 mg,50 mg,"Detox, hormone balance.",Potent antioxidant.,Low.,FALSE,6; 8
Bromelain,Bromelain (Pineapple),Green,500 mg,1500 mg,"Protein, inflammation, skada.",Measured in GDU (Gelatin Digesting Units),Low.,FALSE,1; 9
Bromelain,Bromelain,Green,500 mg,1500 mg,"Skada, svullnad.",Taken on an empty stomach for inflammation.,Low.,FALSE,9
Brännässla,Stinging Nettle,Green,300 mg,600 mg,"Hair, allergy, prostate.",Lowers SHBG.,Low.,FALSE,1; 2
Brännässlerot,Stinging Nettle Root,Green,250 mg,500 mg,"Prostata, binder SHBG.",Root (not the leaves) for prostate.,Low.,FALSE,1; 2
C-vitamin,Vitamin C,Green,500 mg,1000 mg,Immune system.,Antioxidant.,Low.,TRUE,1
C-vitamin (Liposomal),Vitamin C (Liposomal),Green,1000 mg,3000 mg,"Higher absorption, stays longer.","Dyrare, men effektivare.",Low.,TRUE,1; 8
Capsaicin (Cayenne),Capsaicin,Green,40000 HU,100000 HU,"Termogenes, metabolism.",May irritate the stomach.,Low.,FALSE,6
Catuaba,Catuaba Bark,Blue,500 mg,1000 mg,"Libido, dopamin?",Brasiliansk bark.,Low.,FALSE,2
CBD (Fullspektrum),CBD Oil,Green,10 mg,50 mg,"Sleep, pain, anxiety.",Endocannabinoid-systemet.,Low. Price?,FALSE,7; 5
Celastrus Paniculatus,Celastrus Paniculatus,Blue,200 mg,500 mg,"""Intellect Tree"", memory.",Ayurvedisk nootropic.,Low.,FALSE,4
Chaga,Chaga Mushroom,Green,1 g,2 g,"Antioxidant, immun.",Birch mushroom.,Low.,FALSE,1
Chaga,Chaga,Green,1 g,2 g,Antioxidant/Immun.,Superoxid dismutas (SOD).,Low.,FALSE,1
Chlorella,Chlorella (Broken Cell Wall),Green,3 g,6 g,"Chlorophyll, detox.",Must have 'broken cell wall'.,Low.,FALSE,1; 6
Chrysin,Chrysin,Blue,500 mg,1000 mg,Aromatase inhibitor (theoretical).,Very poor oral absorption.,Low.,FALSE,2
Cissus,Cissus Quadrangularis,Blue,500 mg,1000 mg,"Bone healing, joints.",Ketosteroner.,Low.,FALSE,9
Citikolin,Citicoline,Green,250 mg,500 mg,Acetylkolin/Dopamin.,Fokus/Energi.,Low.,FALSE,4
Citikolin (CDP-Choline),Citicoline (CDP-Choline),Green,250 mg,500 mg,"Increases dopamine receptors, phospholipids.",Very good bioavailability.,Low.,FALSE,4; 8
Citronmeliss,Lemon Balm (Melissa officinalis),Green,300 mg,600 mg,"Calming, GABA transaminase inhibitor.",Cognition under stress.,Low.,FALSE,5; 7
Citronmeliss,Lemon Balm,Green,300 mg,600 mg,"Oro, mage.",GABA-T inhibitors.,Low.,FALSE,5; 7
Citrulline Malate,L-Citrulline Malate (2:1),Green,6000 mg,8000 mg,Pre-workout for pump/blood flow.,Better than Arginine for increasing Arginine.,Low.,FALSE,3; 2; 1
CLA,Conjugated Linoleic Acid,Green,3 g,6 g,Fat loss (moderate effect).,From safflower oil.,Low.,FALSE,6
CLA,CLA,Green,3 g,6 g,Fettmassa?,Uncertain effect in humans.,Low.,FALSE,6
CoQ10,CoQ10,Green,100 mg,200 mg,"Rynkreduktion, energi.",Ubiquinone/Ubiquinol.,Low.,FALSE,1; 8
Cordyceps (Sinensis),Cordyceps Sinensis (CS-4),Green,1 g,3 g,"Syreupptag, ATP, energi.",Mycelium-extrakt (CS-4) vanligast.,Low.,FALSE,3; 2
Curcumin,Curcumin,Green,500 mg,1000 mg,Inflammation.,Phytosome/Piperine is required.,Medium. Blood-thinning.,FALSE,9; 1
Curcumin (Fytosom/Lipid),Curcumin (Phytosome/Lipid),Green,500 mg,1000 mg,Potent antiinflammatorisk.,Common curcumin is poorly absorbed.,Medium. Blood thinner.,FALSE,9; 8; 4
Curcumin (Longvida),Curcumin (Longvida),Green,400 mg,800 mg,"Brain health, cognition.",Korsar BBB (fri curcumin).,Low.,FALSE,4; 8
Curcumin (Meriva),Curcumin Phytosome (Meriva),Green,500 mg,1000 mg,"Joint pain, inflammation.",Kliniskt studerad form.,Low.,FALSE,9
D-Asparaginsyra,D-Aspartic Acid (DAA),Green,3 g,3 g,Testosterone (temporary boost).,LH stimulation. Effect diminishing?,Low.,FALSE,2
D-Asparaginsyra,D-Aspartic Acid,Green,3 g,3 g,Testosteron (kort sikt).,LH-puls.,Low.,FALSE,2
D-Chiro-Inositol,D-Chiro-Inositol,Blue,50 mg,100 mg,PCOS (40:1 ratio with Myo).,Secondary messenger insulin.,Low.,FALSE,6
D-Mannose,D-Mannose,Green,1 g,2 g,Urinary tract infection (E. coli).,Binds bacteria in the bladder.,Low.,FALSE,1
D-Mannose,D-Mannose,Green,2 g,4 g,Urinary tract infection.,Binder E.coli.,Low.,FALSE,1
D-Serin,D-Serine,Blue,1000 mg,2000 mg,NMDA-receptor (schizofreni-studier).,Kognition.,Low.,FALSE,4
D-vitamin,Vitamin D3,Green,2000 IU,5000 IU,"Immune system, bone.",Hormonell effekt.,Low.,TRUE,1; 9
D-vitamin,Vitamin D3,Green,2000 IU,5000 IU,T-cellsaktivering.,Critical for the immune system.,Low.,TRUE,1
D-vitamin,Vitamin D,Green,2000 IU,5000 IU,Seasonal Affective Disorder (SAD).,Serotoninsyntes.,Low.,TRUE,5; 1
D-vitamin,Vitamin D,Green,2000 IU,5000 IU,Brain health.,Receptors in the brain.,Low.,TRUE,4; 1
D-vitamin,Vitamin D,Green,2000 IU,5000 IU,Insulinsekretion.,Betacell-funktion.,Low.,TRUE,6; 1
Damiana,Damiana,Blue,400 mg,800 mg,Libido (both genders).,Relaxing.,Low.,FALSE,2
DGL Lakrits,DGL (Deglycyrrhizinated Licorice),Green,380 mg,760 mg,"Stomach ulcer, heartburn.",Without glycyrrhizin (does not raise blood pressure).,Low.,FALSE,1
DHEA,DHEA,Green,25 mg,50 mg,Hormonprekursor.,Only in case of confirmed deficiency (age).,High. Hormonal side effects.,FALSE,8; 2
DHEA,DHEA,Green,25 mg,50 mg,Hormone precursor (older).,Increases T and Estrogen.,High. Hormonal imbalance.,FALSE,8; 2
DIM,DIM (Diindolylmethane),Blue,100 mg,200 mg,Estrogen metabolism.,From cruciferous vegetables.,Low. Can alter hormonal balance.,FALSE,6; 2
DIM,DIM,Green,100 mg,200 mg,Estrogen balance.,"""Good"" estrogen metabolites.",Low.,FALSE,6
DIM (Diindolylmethane),DIM (Diindolylmethane),Green,100 mg,200 mg,Estrogen balance (acne/PMS).,From cabbage.,Low.,FALSE,6
Djävulsklo,Devil's Claw,Green,500 mg,1000 mg,"Back pain, osteoarthritis.",Harpagosid.,Low.,FALSE,9
Dong Quai,Dong Quai,Blue,500 mg,1000 mg,Women's health (PMS).,"""Kvinnlig ginseng"".",Medium. Blood-thinning.,FALSE,1
Druvkärneextrakt,Grape Seed Extract,Green,100 mg,300 mg,"Blodtryck, cirkulation.",Rich in OPC (proanthocyanidins).,Low.,FALSE,1; 8
Druvkärneextrakt,Grape Seed Extract,Green,150 mg,300 mg,"Blood pressure, edema.",Standardized for OPC.,Low.,FALSE,1
Druvkärneextrakt,Grape Seed Extract,Green,100 mg,300 mg,"Collagen protection, vessels.",Antioxidant.,Low.,FALSE,1
Druvkärneextrakt,Grape Seed Extract,Green,150 mg,300 mg,Blodtryck.,OPCs.,Low.,FALSE,1
Dynamine,Methylliberine (Dynamine),Blue,50 mg,100 mg,Snabb energi/fokus.,Faster than caffeine/theacrine.,Low.,FALSE,3; 4
E-vitamin,Vitamin E,Green,200 IU,400 IU,Immune function (elderly).,T-cellsfunktion.,Low.,TRUE,1
E-vitamin (Gamma-tokoferol),Gamma-Tocopherol,Green,100 mg,300 mg,Anti-inflammatory form of vitamin E.,Kompletterar Alfa-tokoferol.,Low.,FALSE,1; 8
EAA,EAA (Essential Amino Acids),Green,10 g,20 g,Stimulerar proteinsyntes (mTOR).,Take on an empty stomach around training.,Low.,FALSE,2; 3; 7
Ecdysterone,Ecdysterone (Spinach/Cyanotis),Green,500 mg,1000 mg,"Muskelbyggande, anabol.",Binder ER-beta receptorn.,Low.,FALSE,2
Echinacea,Echinacea,Green,300 mg,900 mg,Cold.,Increases phagocytosis.,Low. Autoimmune risk?,FALSE,1
Elektrolyter,Electrolytes (Na/K/Mg),Green,Varierar,Varierar,Hydration during sweating.,Balans viktig.,Low.,FALSE,3
Enoki,Enoki Mushroom,Blue,500 mg,1000 mg,"Nutrition, immune.",Mat-svamp.,Low.,FALSE,1
Enzymer (DAO),DAO (Diamine Oxidase),Green,4.2 mg,N/A,Histaminintolerans.,Bryter ner histamin i mat.,Low.,FALSE,1
Enzymer (Digestive),Digestive Enzymes,Green,N/A,N/A,Digestive support.,Taken with food. Varies greatly.,Low.,FALSE,1
Enzymer (Gluten),Gluten Digesting Enzymes (DPP-IV),Blue,N/A,N/A,In gluten sensitivity (not celiac disease!).,Bryter ner prolin-rika proteiner.,Low. Not for Celiac disease.,FALSE,1
Enzymer (Laktas),Lactase Enzyme,Green,3000 FCC,9000 FCC,Laktosintolerans.,Taken with the intake of milk.,Low.,FALSE,1
Epicatechin,Epicatechin,Blue,100 mg,300 mg,"Myostatin inhibitors, NO, muscles.",From cocoa/tea.,Low.,FALSE,2; 3
Exogena Ketoner (BHB),Exogenous Ketones (BHB Salts),Green,3 g,12 g,"Immediate ketosis, brain energy.",Contains a lot of salt (Na/Ca/Mg).,Low. Stomach discomfort.,FALSE,6; 3; 4
Fasoracetam,Fasoracetam,Blue,20 mg,80 mg,"Fokus, ADHD-forskning.",Uppreglerar GABA-B.,Low.,FALSE,4
Fenugreek (Bockhornsklöver),Fenugreek Extract,Green,500 mg,1000 mg,"Libido, blodsocker, amning.",Can block DHT.,Low.,FALSE,2; 6
Fenylalanin (DLPA),DL-Phenylalanine (DLPA),Green,500 mg,1500 mg,"Pain (endorphins), mood.",Mixture of D- and L-form.,Low.,FALSE,4; 5
Fenyletylamin,PEA (Phenylethylamine),Blue,300 mg,500 mg,"""The love molecule"", focus.",Bryts ner snabbt (MAO-B).,Medium. Short-term effect.,FALSE,4
Fenylpiracetam,Phenylpiracetam,Blue,100 mg,200 mg,"Fysisk/mental energi, kyla.",Stimulant. Doping classified (competition).,Low. Tolerance quickly.,FALSE,4; 3
Fiber (Glucomannan),Glucomannan,Green,1 g,3 g,"Blood sugar, saturation.",Gelbildande fiber.,Low.,FALSE,6
Fisetin,Fisetin,Blue,100 mg,1400 mg,High dose in short intervals (senolytic).,Taken with fat. Low bioavailability.,Low.,FALSE,8; 4
Fiskolja,Fish Oil (Omega-3),Green,2 g,4 g,Ledstelhet.,Antiinflammatorisk.,Low.,TRUE,9; 1
Fläderbär,Elderberry (Sambucus),Green,500 mg,1000 mg,Cold/Flu.,Antiviral effekt.,Low.,FALSE,1
Fo-Ti (He Shou Wu),Fo-Ti (He Shou Wu),Blue,500 mg,1000 mg,"Gray hair, vitality.",Liver impact (be cautious).,Medium. Liver toxicity?,FALSE,1
Folsyra,Folic Acid,Green,400 mcg,800 mcg,"Pregnancy, cell division.","Synthetic, can mask B12 deficiency.",Low.,TRUE,1
Folsyra (Metyl),Methylfolate,Green,400 mcg,800 mcg,Pregnancy (fetus).,Aktivt folat.,Low.,TRUE,1
Forskolin,Forskolin (Coleus Forskohlii),Green,25 mg,50 mg,"Fat burning, cAMP.",Standardized to 10-20%.,Low. Stomach (loose).,FALSE,6; 2
Fosfatidsyra,Phosphatidic Acid (PA),Green,750 mg,1500 mg,"mTOR-aktivering, muskelstyrka.",Direct signal for muscle growth.,Low.,FALSE,2
Fosfatidylserin,Phosphatidylserine,Green,100 mg,300 mg,"Lowers cortisol, supports memory.",Soy or sunflower lecithin origin.,Low.,FALSE,5; 4; 7
Fosfatidylserin,Phosphatidylserine,Green,300 mg,600 mg,Sleep (cortisol-driven).,Lowers cortisol in the evening.,Low.,FALSE,7; 5
Fosfatidylserin,Phosphatidylserine,Green,100 mg,300 mg,"Minne, stress.",Membranfluiditet.,Low.,FALSE,4; 5
Fukoxantin,Fucoxanthin,Blue,2.4 mg,8 mg,Fat burning (from seaweed).,Takes a long time for effect (weeks).,Low.,FALSE,6
Fänkål,Fennel Seed,Blue,500 mg,1000 mg,"Gas, digestion.",Anticonvulsant.,Low.,FALSE,1
GABA,GABA,Blue,500 mg,750 mg,Lugnande.,Poor absorption across the BBB (physiologically).,Low. Tingling may occur.,FALSE,5; 7
GABA,GABA,Blue,500 mg,1000 mg,Anxiety.,Poor absorption.,Low.,FALSE,5
GABA (PharmaGABA),PharmaGABA,Green,100 mg,200 mg,"Fermented form, better absorption?","Stress, sleep.",Low.,FALSE,5; 7
GABA (Syntetisk),GABA,Blue,1 g,3 g,"Increases GH (theoretically), sleep.",Poor uptake to the brain.,Low.,FALSE,5; 7
Galantamin,Galantamine,Green,4 mg,12 mg,"Memory, dreams (lucid dreaming).",Alzheimer's medication (also supplements).,Medium. Nausea.,FALSE,4
Garcinia Cambogia,Garcinia Cambogia (HCA),Blue,500 mg,1500 mg,"Aptit, fettsyntes.",Effekt debatterad. 50-60% HCA.,Low.,FALSE,6
Ginkgo,Ginkgo Biloba,Green,120 mg,240 mg,Circulation brain.,Memory older.,Medium. Bleeding.,FALSE,4
Ginkgo Biloba,Ginkgo Biloba,Green,120 mg,240 mg,"Blood flow brain, memory.",Standardiserat extrakt (EGb-761).,Medium. Blood-thinning.,FALSE,4
Ginkgo Biloba,Ginkgo Biloba,Green,120 mg,240 mg,Blood flow (sexual).,Mikrocirkulation.,Medium. Bleeding.,FALSE,4; 2
Ginseng,Panax Ginseng,Green,200 mg,400 mg,"Erektion, energi.",Nitric oxide mediator.,Low.,FALSE,2; 3
Ginseng (Amerikansk),American Ginseng,Green,500 mg,1000 mg,"Lugnande energi, kognition.",Kylande (TCM).,Low.,FALSE,4
Ginseng (Panax),Panax Ginseng,Green,200 mg,400 mg,"Energi, libido, kognition.",Standardisera ginsenosider (4-8%).,Low. Can raise blood pressure.,FALSE,3; 2; 4
Ginseng (Sibirisk),Eleuthero (Siberian Ginseng),Green,500 mg,1000 mg,"Endurance, immune system.",Milder than Panax.,Low.,FALSE,3; 1
GLA (Nattljusolja),GLA (Evening Primrose Oil),Green,1 g,3 g,"Hudproblem (eksem), hormoner.",Omega-6 (antiinflammatorisk).,Low.,FALSE,1; 6
Glukomannan,Glucomannan (Konjac),Green,1 g,3 g,"Fiber, feeling of fullness.",Expanderar i magen (drick vatten!).,Low. Risk of suffocation without water.,FALSE,6
Glukosamin,Glucosamine Sulfate,Green,1500 mg,1500 mg,Artros.,Sulfat > HCL.,Low.,FALSE,9
Glukosamin Sulfat,Glucosamine Sulfate,Green,1500 mg,1500 mg,"Cartilage health, osteoarthritis.",The sulfa form has the best evidence.,Low. Shellfish allergy?,FALSE,9
Glutathion (Reducerat),Glutathione (Reduced),Blue,250 mg,500 mg,Antioxidant.,Poor oral absorption (Setria better).,Low.,FALSE,1; 8
Glutation,Glutathione,Blue,250 mg,500 mg,"Skin lightening, detox.",Liposome best.,Low.,FALSE,1; 8
Glutation,Glutathione,Blue,250 mg,500 mg,Master antioxidant.,Fuel for the immune system.,Low.,FALSE,1
Glycerol,Glycerol (Glycerpump),Green,2 g,5 g,"Hyperhydrering, pump.",Binds fluid in the muscle.,Low. Clumps in powder.,FALSE,3
Glycin,Glycine,Green,3 g,5 g,"Sleep quality, collagen building block.","Sweet taste, taken at bedtime.",Low.,FALSE,7; 8; 9
Glycin,Glycine,Green,3 g,5 g,Sleep quality.,Lowers body temperature.,Low.,FALSE,7
Gojibär,Goji Berry (Lycium),Green,10 g,30 g,"Eyes, immune system.",Rich in zeaxanthin.,Low.,FALSE,1
Gotu Kola,Gotu Kola (Centella Asiatica),Green,300 mg,600 mg,"Skin, anxiety, circulation.",Increases collagen synthesis.,Low.,FALSE,1; 5; 4
Gotu Kola,Gotu Kola,Blue,500 mg,1000 mg,"Nerver, minne.",Neuroprotektiv.,Low.,FALSE,4
Grains of Paradise,Grains of Paradise (Aframomum),Green,30 mg,80 mg,Aktiverar brunt fett (BAT).,Spice from the ginger family.,Low.,FALSE,6
Granatäppleextrakt,Pomegranate Extract,Green,250 mg,500 mg,"Heart, blood flow, ellagic acid.",Can be converted to Urolithin A.,Low.,FALSE,1; 8
Grapefruktkärneextrakt,Grapefruit Seed Extract,Blue,100 mg,200 mg,Antimikrobiell.,Controversial (preservative?).,Medium. CYP3A4 inhibitor.,FALSE,1
Gröna Kaffebönor,Green Coffee Bean Extract,Green,200 mg,400 mg,"Blodsocker, klorogensyra.",Low caffeine.,Low.,FALSE,6
Grönt Kaffe,Green Coffee Extract,Green,400 mg,800 mg,"Blodsocker, vikt.",Klorogensyra (50%).,Low.,FALSE,6
Grönt Kaffe,Green Coffee,Blue,200 mg,400 mg,Glukosupptag.,Klorogensyra.,Low.,FALSE,6
Grönt Te,Green Tea,Green,250 mg,500 mg,Metabolism.,EGCG.,Low.,FALSE,6
Grönt Te (EGCG),Green Tea Extract (EGCG),Green,250 mg,500 mg,"Fat burning, antioxidant.",Can affect the liver in extreme doses.,Medium. Liver toxicity (rare).,FALSE,6; 8
Grönt Te (Extrakt),Green Tea Extract,Green,250 mg,500 mg,"Hudskydd, metabolism.",Polyfenoler (EGCG).,Low.,FALSE,1; 6
Guaraná,Guarana,Green,200 mg,800 mg,Natural caffeine (slow-release).,Released more slowly than synthetic.,Low.,FALSE,3
Gullris,Goldenrod,Blue,300 mg,600 mg,"Kidneys, urinary tract.",Diuretisk/Antiinflammatorisk.,Low.,FALSE,1
Gurkmeja (Hel),Turmeric Root Powder,Blue,1 g,3 g,Mild antiinflammatorisk.,Poorly absorbed without black pepper/fat.,Low.,TRUE,1; 9
Gymnema,Gymnema Sylvestre,Blue,200 mg,400 mg,Sockerblockerare.,Regenerate beta cells?,Low.,FALSE,6
Gymnema Sylvestre,Gymnema Sylvestre,Green,400 mg,800 mg,"Sugar cravings, blood sugar.","""Sugar destroyer"" (blockerar smak).",Low.,FALSE,6
Hagtorn,Hawthorn Berry,Green,150 mg,600 mg,"Heart failure, blood pressure.",Increases contractility.,Medium. Digoxin interaction.,FALSE,1
Hallonblad,Raspberry Leaf,Blue,500 mg,1000 mg,Uterine health.,"Traditional ""pregnancy tea.""",Low.,FALSE,1
Hallonketoner,Raspberry Ketones,Blue,100 mg,500 mg,Fat burning.,Strukturellt lik synefrin/capsaicin.,Low.,FALSE,6
Hampaprotein,Hemp Protein,Green,20 g,40 g,"Veganskt, fiberrikt, omega-3.",Lower protein content.,Low.,FALSE,2
Havtornsolja,Sea Buckthorn Oil,Green,500 mg,1000 mg,Torra slemhinnor/hud. Omega-7.,Good for eyes/genitals.,Low.,FALSE,1
Hesperidin,Hesperidin,Green,500 mg,1000 mg,Cirkulation (vener).,Often in citrus bioflavonoids.,Low.,FALSE,1
Hibiskus,Hibiscus Tea/Extract,Green,1000 mg,2000 mg,Blodtryck.,Acts as a mild ACE inhibitor.,Low. Low blood pressure?,FALSE,1
Hibiskus,Hibiscus,Green,2 koppar,3 koppar,Blodtryck.,ACE-inhibitory effect?,Low.,FALSE,1
Higenamin,Higenamine,Blue,20 mg,40 mg,"Beta-2 agonist, airways.",WADA prohibited!,Medium. Palpitations.,FALSE,3; 6
HMB,HMB (Beta-Hydroxy Beta-Methylbutyrate),Green,3 g,3 g,Anticatabolic. Good for diet/injury.,Calcium salt or free acid.,Low.,FALSE,2; 7
Holy Basil,Holy Basil (Tulsi),Green,300 mg,600 mg,"Stress, sleep.",Adaptogen.,Low.,FALSE,5; 7
Hordenin,Hordenine,Blue,25 mg,50 mg,"MAO-B inhibitor, fat burning.",Prolongs the effect of PEA/stimulants.,Medium.,FALSE,6; 4
Horny Goat Weed,Horny Goat Weed (Icariin),Green,500 mg,1000 mg,"Libido, PDE5 inhibitors (weak).",Standardize for Icariin.,Low.,FALSE,2
Horny Goat Weed,Horny Goat Weed (Icariin),Blue,500 mg,1000 mg,Erektion (PDE5).,Icariin is the active substance.,Low.,FALSE,2
Humle,Hops Extract,Green,100 mg,300 mg,"Sleep, sedative.",Often with Valerian.,Low.,FALSE,7
Humle,Hops,Blue,200 mg,400 mg,Sleep.,Sedativ.,Low.,FALSE,7
Huperzin A,Huperzine A,Green,50 mcg,200 mcg,"Memory, acetylcholinesterase inhibitors.",Cycle to avoid tolerance.,Low. Cholinergic side effects.,FALSE,4
Huperzin A,Huperzine A,Green,100 mcg,200 mcg,Minne.,AChE inhibitor.,Low.,FALSE,4
Hyaluronsyra,Hyaluronic Acid,Green,100 mg,200 mg,"Hudfukt, leder.",Binder vatten.,Low.,FALSE,1; 9
Hyaluronsyra,Hyaluronic Acid,Green,50 mg,200 mg,Joint fluid.,Oralt upptag fungerar.,Low.,FALSE,9
Hyaluronsyra (Oral),Hyaluronic Acid,Green,100 mg,200 mg,"Skin moisture, joint fluid.",High molecular weight may be poorly absorbed.,Low.,FALSE,9; 1
Indol-3-Karbinol,Indole-3-Carbinol (I3C),Green,200 mg,400 mg,Precursor to DIM.,Less stable than DIM.,Low.,FALSE,6
Indol-3-Karbinol,I3C,Green,200 mg,400 mg,Estrogen metabolism.,Precursor to DIM.,Low.,FALSE,6
Ingefära,Ginger Root,Green,500 mg,1000 mg,"Nausea, digestion.",Prokinetic (empties the stomach).,Low.,FALSE,1
Ingefära,Ginger,Green,500 mg,2000 mg,Joint pain.,Similar to NSAIDs (COX inhibitors).,Low.,FALSE,9
Ingefära (Extrakt),Ginger Root Extract,Green,250 mg,1000 mg,"Nausea, inflammation, digestion.",Gingerols are the active compounds.,Low. Anticoagulant at high dose.,TRUE,1; 9; 6
Inositol,Inositol,Green,2 g,12 g,"Panic anxiety, OCD.",High doses are required.,Low. Stomach.,FALSE,5
Inositol,Myo-Inositol,Green,2 g,4 g,Insulin sensitivity (PCOS).,Cellsignalering.,Low.,FALSE,6
Inositol (IP6),Inositol Hexaphosphate (IP6),Blue,500 mg,1000 mg,"Immune defense, cell health.",Chelates minerals (take on an empty stomach).,Low.,FALSE,1
Inositol (Myo/D-chiro),Inositol (Myo/D-chiro 40:1),Green,2 g,4 g,"PCOS, insulin sensitivity, anxiety.",Pulverform ofta enklast.,Low. High dose may cause loose stools.,FALSE,6; 5
Inulin (FOS),Inulin (FOS),Green,3 g,10 g,Prebiotika (fiber).,May cause gas (FODMAP).,Low.,FALSE,1
Jod,Iodine,Green,150 mcg,300 mcg,IQ (in case of deficiency).,Thyroid -> Brain.,Medium.,TRUE,4; 1
Jod (Kelp/Kaliumjodid),Iodine,Green,150 mcg,300 mcg,Thyroid function.,Be cautious with autoimmune thyroiditis.,Medium. Thyroid balance.,TRUE,1; 6
Johannesört,St. John's Wort,Green,300 mg,900 mg,Mild depression.,Many drug interactions (CYP3A4).,"High. Birth control pills, antidepressants.",FALSE,5
Johannesört,St John's Wort,Green,300 mg,900 mg,Depression.,SSRI-liknande.,High. Drug interaction!,FALSE,5
Jordbaserad Probiotika,Soil Based Organisms (SBO),Blue,2 Mrd,5 Mrd,Resilient probiotic (spore form).,Bacillus-stammar (subtilis etc).,Low.,FALSE,1
Järn,Iron,Green,20 mg,50 mg,Menstruerande kvinnor.,Replaces loss.,Medium. The stomach.,TRUE,1
Järn,Iron,Green,-,-,Cognition (in deficiency).,Syretransport.,Medium.,TRUE,4; 1
Järn (Bisglycinat),Iron Bisglycinate,Green,14 mg,28 mg,"Blood value, energy.",Gentle on the stomach. Only in case of deficiency!,High. Oxidative stress in excess.,FALSE,1; 3
Järn (Heme),Iron (Heme),Green,10 mg,20 mg,"Animal iron, best absorption.",Fewer gastrointestinal side effects.,Medium. Overdose risk.,FALSE,1
Järn (Sulfat),Iron Sulfate,Green,14 mg,65 mg,Anemi.,Hard on the stomach.,High. Toxic for children.,TRUE,1
Jättenattljusolja,Evening Primrose Oil (GLA),Green,1 g,3 g,"PMS, breast tenderness, skin.",Gamma-linolensyra.,Low.,FALSE,1
Kalcium,Calcium,Green,500 mg,1000 mg,Osteoporosis (women).,Combine with D3/K2.,Medium. Vascular risk?,TRUE,9
Kalcium (Citrat),Calcium Citrate,Green,500 mg,1000 mg,Bone health.,Taken regardless of stomach acid.,Medium. Risk of vascular calcification without K2.,TRUE,9; 1
Kalcium (Karbonat),Calcium Carbonate,Green,500 mg,1000 mg,Bone health.,Taken with food (requires acid).,Medium. Constipation.,TRUE,9; 1
Kalcium Alfa-Ketoglutarat,Ca-AKG (Calcium Alpha-Ketoglutarate),Blue,1000 mg,2000 mg,"Extends 'healthspan', lowers biological age.",Delayed release (sustained release) is best.,Low.,FALSE,8; 3
Kalcium D-Glukarat,Calcium D-Glucarate,Blue,500 mg,1500 mg,Detox of estrogen/toxins.,Inhibits beta-glucuronidase.,Low. May increase excretion of medication.,FALSE,6; 8
Kalcium-D-Glukarat,Calcium-D-Glucarate,Blue,500 mg,1500 mg,Estrogen detox.,Glukuronidering.,Low.,FALSE,6; 8
Kalium,Potassium,Green,99 mg,400 mg,"Blodtryck, muskelfunktion.",Low dose in supplements due to safety risk.,Medium. Heart risk in renal failure.,TRUE,1; 3
Kalium,Potassium,Green,-,-,Blodtryck.,Via diet best (supplement low dose).,Medium. Kidney problems?,TRUE,1
Kamomill,Chamomile,Green,200 mg,400 mg,"Anxiety, sleep.",Apigenin.,Low.,FALSE,5; 7
Kamomill (Apigenin),Chamomile Extract (Apigenin),Green,200 mg,400 mg,"Sleep, calming.",Standardized for apigenin.,Low.,FALSE,7; 5
Kanel,Cinnamon,Green,1 g,3 g,Blodsocker.,Insulin sensitivity.,Low.,FALSE,6
Kanel (Ceylon),Cinnamon (Ceylon),Green,1 g,3 g,Blodsocker.,Choose Ceylon for low coumarin.,Low.,FALSE,6
Kaprylsyra,Caprylic Acid,Blue,600 mg,1200 mg,"Candida, gut health.",Fatty acid from coconut.,Low.,FALSE,1
Karnitin,L-Carnitine,Green,1 g,3 g,Heart health (angina).,Energy production heart.,Low. TMAO?,FALSE,1
Karnitin,L-Carnitine,Green,1 g,3 g,Fat burning.,Mitokondriell transport.,Low.,FALSE,6; 3
Kaseinprotein,Casein Protein,Green,20 g,40 g,Slow protein (night).,Antikatabolt.,Low. Milk allergy?,FALSE,2
Katalas,Catalase,Blue,250 mg,500 mg,Gray hair (H2O2 breakdown).,Tveksamt upptag.,Low.,FALSE,1
Kava Kava,Kava Kava,Green,100 mg,250 mg,Strong anxiolytic effect.,Kavalactones. Liver risk with abuse.,Medium. Do not take with alcohol.,FALSE,5
Keratin (Solubiliserat),Solubilized Keratin,Blue,500 mg,500 mg,Hair structure.,Cynatine HNS is a trademark.,Low.,FALSE,1
Kisel (Bambu),Silica (Bamboo Extract),Green,10 mg,50 mg,Hair/nail strength.,Richer than horsetail.,Low.,FALSE,1
Kisel (Silica),Silica (Bamboo/Horsetail),Green,10 mg,50 mg,"Hair, skin, nails, collagen.",Ortho-silicon has the best absorption.,Low.,FALSE,1; 9
Klorofyll,Chlorophyll,Blue,50 mg,100 mg,"Detox, body odor.",From green plants/algae.,Low.,FALSE,1
Koffein,Caffeine Anhydrous,Green,100 mg,400 mg,Performance-enhancing and focus.,Snabb absorption. Toleransutveckling.,"Medium. Sleep disturbance, anxiety.",FALSE,3; 4; 6
Koffein,Caffeine,Green,50 mg,200 mg,Vakenhet.,Adenosin-antagonist.,Medium.,FALSE,4; 3
Koffein + Theanin,Caffeine + Theanine (2:1),Green,100/200,200/400,"Fokus utan ""jitters"".","Klassisk ""stack"".",Low.,FALSE,4
Kolanöt,Kola Nut,Blue,500 mg,1000 mg,Caffeine source.,Traditionell stimulant.,Low.,FALSE,3
Kolin (Bitartrat),Choline Bitartrate,Green,250 mg,500 mg,"Lever, cellmembran.",Low bioavailability for the brain.,Low. Can increase TMAO.,TRUE,1; 4
Kollagen (Hydrolyserat),Collagen Peptides (Hydrolyzed),Green,10 g,20 g,"Skin, hair, joints.",Take with vitamin C.,Low.,FALSE,9; 1
Kollagen (Typ 1 & 3),Collagen Types 1 & 3,Green,10 g,20 g,"Skin, hair, nails.",Bovine or marine.,Low.,FALSE,1; 9
Kollagen II,Collagen Type II (UC-II),Green,40 mg,40 mg,Joint pain (autoimmune?).,Oral tolerans (liten dos).,Low.,FALSE,9
Kolostrum,Colostrum,Green,1 g,3 g,"Antikroppar (IgG), tarm.",Raw milk.,Low. Milk protein.,FALSE,1
Kondroitin,Chondroitin,Green,800 mg,1200 mg,Artros.,Synergy with Glucosamine.,Low.,FALSE,9
Kondroitin Sulfat,Chondroitin Sulfate,Green,800 mg,1200 mg,Synergistic with glucosamine.,"Low absorption, but clinical effect.",Low. Anticoagulant.,FALSE,9
Koppar,Copper,Green,1 mg,2 mg,"Kollagen, energi, pigment.",Always balance with Zinc.,Medium. Toxic in excess.,TRUE,1; 9
Korngräs,Barley Grass,Green,3 g,10 g,"Nutrition, antioxidants.",Resembles wheatgrass.,Low. Gluten risk (if not pure).,FALSE,1
Kre-Alkalyn,Kre-Alkalyn (Buffered Creatine),Blue,1.5 g,3 g,pH-stabilt kreatin.,Not proven to be better than monohydrate.,Low.,FALSE,2
Kreatin,Creatine,Green,5 g,5 g,Brain health (energy).,Cognitive fatigue.,Low.,FALSE,4; 2
Kreatin HCL,Creatine HCL,Blue,1.5 g,3 g,"Same effect as mono, smaller dose?",Mindre vattenretention (teoretiskt).,Low. Sour taste.,FALSE,2; 3
Kreatin Monohydrat,Creatine Monohydrate,Green,5 g,10 g,Maintenance dose 5g daily. Loading optional.,Best taken with carbohydrates/protein.,Low. Drink extra water.,FALSE,2; 3; 4
Krom,Chromium,Green,200 mcg,1000 mcg,"Sugar cravings, insulin.",Picolinate best.,Low.,FALSE,6
Krom (Pikolinat),Chromium Picolinate,Green,200 mcg,1000 mcg,Insulin sensitivity.,Picolinate is stable and absorbable.,Low.,TRUE,6
Kronärtskocka,Artichoke Leaf Extract,Green,320 mg,640 mg,"Gall, digestion, liver.",Reduces gas/bloating.,Low. Gallstones?,FALSE,1; 6
Kronärtskocka,Artichoke Extract,Green,300 mg,600 mg,"Digestion, liver.",Cynarin increases bile flow.,Low.,FALSE,1; 6
Kurkumin,Curcumin,Green,500 mg,1000 mg,Encephalitis.,Plack?,Low.,FALSE,4; 9
L-Arginin,L-Arginine,Blue,3 g,6 g,Nitric oxide (worse than Citrulline).,Stor del bryts ner i levern.,Low. Herpes outbreak?,FALSE,3; 2
L-Arginin,L-Arginine,Blue,3 g,6 g,Erection (blood flow).,NO precursor (worse than Cit).,Low.,FALSE,2
L-Citrullin,L-Citrulline,Green,3 g,6 g,"Erektion, pump.",Better NO boost.,Low.,FALSE,2; 3
L-Cystein,L-Cysteine,Green,500 mg,1000 mg,Keratinbyggsten.,Sulfur amino acid.,Low.,FALSE,1
L-Fenylalanin,L-Phenylalanine,Green,500 mg,1500 mg,Dopamin/Noradrenalin-prekursor.,"Appetite suppression, focus.",Low. Not in case of PKU.,FALSE,4; 6
L-Glutamin,L-Glutamine,Green,5 g,15 g,"Intestinal mucosa, recovery.",Primary fuel for enterocytes.,Low.,FALSE,7; 3; 1
L-Glutamin,L-Glutamine,Green,5 g,20 g,"Intestinal wall, muscle recovery.",Fuel for intestinal cells.,Low.,FALSE,1; 2
L-Karnitin L-Tartrat,L-Carnitine L-Tartrate,Green,2 g,4 g,"Androgen receptors, recovery.",Best absorption for muscle tissue.,Low. TMAO risk at high dose?,FALSE,3; 7; 6
L-Lysin,L-Lysine,Green,500 mg,1500 mg,"Herpes (cold sore), collagen.",Antagonist to Arginine.,Low.,FALSE,1; 9
L-Metionin,L-Methionine,Green,500 mg,1000 mg,Keratinbyggsten.,Essentiell aminosyra.,Low.,FALSE,1
L-Metylfolat,L-Methylfolate (5-MTHF),Green,400 mcg,1000 mcg,For those with MTHFR mutation.,"Active form, does not require conversion.",Low.,TRUE,1; 4; 5
L-Ornitin,L-Ornithine,Green,2 g,6 g,"Ammonia detox, sleep, fatigue.",Synergy with Arginine.,Low.,FALSE,3; 7
L-Ornitin,L-Ornithine,Blue,400 mg,1000 mg,"Sleep, stress.",Does it lower ammonia/cortisol?,Low.,FALSE,7
L-Theanine,L-Theanine,Green,100 mg,400 mg,2:1 ratio with caffeine for focus.,"Water-soluble, fast effect.",Low. Mildly lowers blood pressure.,FALSE,4; 5; 7
L-THP,L-Tetrahydropalmatine,Blue,30 mg,90 mg,"Pain, sleep (dopamine antagonist).",From Corydalis.,Medium. Sedation.,FALSE,7
L-Tryptofan,L-Tryptophan,Green,500 mg,1000 mg,Serotonin/Melatonin-prekursor.,Competes with BCAA for absorption.,Medium.,FALSE,7; 5
L-Tyrosin,L-Tyrosine,Green,1000 mg,2000 mg,In case of acute stress/cold/sleep deprivation.,Take on an empty stomach. Dopamine precursor.,Medium. Thyroid interaction.,FALSE,4; 5; 3
Lactobacillus Rhamnosus GG,Lactobacillus Rhamnosus GG,Green,10 mdr,20 mdr,"Immun, mage, allergi.",Well-studied strain.,Low.,FALSE,1
Lakritsrot (DGL),Licorice Root (DGL),Green,400 mg,800 mg,"Stomach ulcer, heartburn.",Deglycyrrhizinated (does not raise blood pressure).,Low.,FALSE,1
Laktoferrin,Lactoferrin,Green,100 mg,300 mg,"Iron-binding, antiviral.",From milk.,Low.,FALSE,1
Lavendelolja,Lavender Oil (Oral),Green,80 mg,160 mg,Anxiety.,Silexan (studerat extrakt).,Low. Burps lavender.,FALSE,5
Laxogenin,5-Alpha-Hydroxy-Laxogenin,Blue,50 mg,100 mg,"Plant anabolic, cortisol control.",Smilax Sieboldii extrakt.,Low.,FALSE,2
Leucin,L-Leucine,Green,2.5 g,5 g,mTOR-trigger (proteinsyntes).,The most important amino acid for anabolism.,Low.,FALSE,2
Lingonextrakt,Lingonberry Extract,Green,200 mg,400 mg,"Urinary tract, antioxidant.",Resveratrol/Procyanidiner.,Low.,FALSE,1
Lion's Mane,Lion's Mane,Blue,1 g,3 g,NGF (Nerve Growth Factor).,Brain health.,Low.,FALSE,4; 8
Lion's Mane (Extrakt),Lion's Mane Mushroom Extract,Green,1000 mg,3000 mg,Choose extract from the fruiting body.,Warm water or alcohol extract is best.,Low.,FALSE,4; 8; 5
Litiumorotat,Lithium Orotate,Blue,1 mg,5 mg,Mood swings.,Microdose (not a medicinal dose).,Medium. Thyroid?,FALSE,5; 4
Lutein,Lutein,Green,10 mg,20 mg,"Skin elasticity, eyes.",Blue light protection.,Low.,FALSE,1
Lutein & Zeaxantin,Lutein & Zeaxanthin,Green,10 mg,20 mg,Eye health (macula).,"Carotenoids, protect against blue light.",Low.,FALSE,1
Luteolin,Luteolin,Blue,10 mg,50 mg,"Neuroprotektion, inflammation.",Inhibits microglia activation.,Low.,FALSE,4; 8
Lykopen,Lycopene,Green,10 mg,30 mg,"Prostate health, antioxidant.","From tomatoes, taken with fat.",Low.,FALSE,1
Lykopen,Lycopene,Green,10 mg,20 mg,"Hudskydd (UV), prostata.",From tomato.,Low.,FALSE,1
Lykopen,Lycopene,Green,15 mg,30 mg,Prostata.,Tomatextrakt.,Low.,FALSE,1
Lysin,L-Lysine,Green,1 g,3 g,"Motverkar herpes, kollagen.",Balance with Arginine.,Low.,FALSE,1; 9
Lysin,L-Lysine,Green,1 g,3 g,Motverkar arginin (virus).,Herpes-profylax.,Low.,FALSE,1
Läkemalva,Marshmallow Root,Green,400 mg,1000 mg,"Slemhinnor, hosta, mage.",Resembles red elm.,Low.,FALSE,1
Läkemalva,Marshmallow Root,Green,500 mg,1500 mg,Irriterad tarm/hals.,Slemsubstans.,Low.,FALSE,1
Maca,Maca Root,Green,1.5 g,3 g,"Libido, energi.",Adaptogen.,Low.,FALSE,2; 5
Maca (Gul),Maca Root (Yellow),Green,1.5 g,3 g,"Hormonal balance, general health.",Standard type. Gelatinized is best.,Low.,FALSE,1
Maca (Röd),Maca Root (Red),Green,1.5 g,3 g,"Prostate, bone health.",Does not directly affect hormones.,Low.,FALSE,1; 2
Maca (Svart),Maca Root (Black),Green,1.5 g,3 g,"Libido, spermieproduktion, minne.",Gelatinized for the stomach.,Low.,FALSE,2; 4
Magnesium,Magnesium,Green,300 mg,600 mg,"Anxiety, tension.",Lugnar nervsystemet.,Low.,TRUE,5; 1
Magnesium,Magnesium,Green,300 mg,600 mg,"Blodtryck, arytmi.",Relaxing vessels.,Low.,TRUE,1
Magnesium,Magnesium,Green,300 mg,600 mg,Insulinresistens.,Kofaktor glykolys.,Low.,TRUE,6; 1
Magnesium L-Threonate,Magnesium L-Threonate,Green,1.5 g,2 g,Dose refers to total compound (approximately 144mg elemental Mg).,Unique ability to cross the blood-brain barrier.,Low.,FALSE,4; 7
Magnesiumglycinat,Magnesium Glycinate,Green,300 mg,500 mg,Taken preferably in the evening for sleep.,"High bioavailability, gentle on the stomach.",Low.,TRUE,1; 5; 7
Magnesiumglycinat,Magnesium Glycinate,Green,400 mg,600 mg,Relaxation.,Glycin+Mg kombo.,Low.,TRUE,7; 5
Magnesiummalat,Magnesium Malate,Green,300 mg,500 mg,Good for energy and muscle pain (fibromyalgia).,High bioavailability.,Low.,TRUE,1; 2
Magnesiumtaurat,Magnesium Taurate,Green,300 mg,500 mg,Good for the heart and has a calming effect.,Taurine increases magnesium's intracellular effect.,Low.,TRUE,1; 5
Magnoliabark,Magnolia Bark (Honokiol),Green,200 mg,400 mg,"Lowers cortisol, sleep.",Active ingredient: Honokiol/Magnolol.,Low.,FALSE,5; 7
Magnoliabark,Magnolia Bark,Blue,200 mg,400 mg,"Sleep, cortisol.",Honokiol (GABA-effekt).,Low.,FALSE,7; 5
Maitake,Maitake Mushroom,Green,500 mg,1500 mg,"Blodsocker, immun.",D-fraktion is potent.,Low.,FALSE,1; 6
Maitake,Maitake,Green,500 mg,1500 mg,Immunaktivering.,D-fraktion.,Low.,FALSE,1
Mangan,Manganese,Green,2 mg,5 mg,"Antioxidant (SOD), ben.",Neurotoxic at very high doses.,Low.,TRUE,1; 9
Manukahonung,Manuka Honey,Green,1 tsk,2 tsk,Antibakteriell (MGO).,Local effect throat/wound.,Low. Sugar.,FALSE,1
Maskrosblad,Dandelion Leaf,Green,500 mg,1500 mg,Diuretic (potassium-sparing).,The leaves for the kidneys.,Low.,FALSE,1
Maskrosrot,Dandelion Root,Blue,500 mg,1500 mg,"Lever, galla, diuretika.","Root for liver, leaf for kidneys.",Low.,FALSE,1; 6
Maskrosrot,Dandelion Root,Blue,500 mg,1500 mg,"Lever, galla.",Root for the liver.,Low.,FALSE,1
MCT-olja,MCT Oil (C8/C10),Green,5 ml,15 ml,"Ketone production, energy.",C8 (Kaprylsyra) mest potent.,Low. Stomach issues at start.,FALSE,6; 4
MCT-olja,MCT Oil,Green,10 ml,30 ml,Brain energy (ketones).,Alzheimer support?,Low.,FALSE,4; 6
MCT-olja,MCT Oil,Green,10 ml,30 ml,"Termogenes, ketoner.",Increases energy expenditure.,Low.,FALSE,6
MCT-Olja (C8),MCT Oil (C8 Caprylic Acid),Green,15 ml,30 ml,Rapid ketone energy (brain).,Start low (magras).,Low.,FALSE,6; 4
MCT-pulver,MCT Powder,Green,5 g,10 g,"Energi, ketoner.",Gentler on the stomach than oil.,Low.,FALSE,6; 4
Melatonin,Melatonin,Green,0.3 mg,5 mg,"Sleep onset, circadian rhythm.",Low dose often more effective (0.3-1mg).,Low. May cause nightmares.,FALSE,7; 8
Melatonin,Melatonin,Green,0.5 mg,5 mg,Sleep onset.,Hormon.,Low. Dreams.,FALSE,7
Mjölkdistel,Milk Thistle (Silymarin),Green,200 mg,500 mg,Liver health.,Silymarin komplex.,Low.,FALSE,1
Mjölkdistel (Silymarin),Milk Thistle (Silymarin),Green,150 mg,400 mg,"Liver health, glutathione.",Antioxidant for hepatocytes.,Low. CYP interactions?,FALSE,1
Mjölon,Uva Ursi,Green,500 mg,1000 mg,Urinary tract infection (acute).,Arbutin (bildar hydrokinon).,Medium. Short-term use!,FALSE,1
Molybden,Molybdenum,Green,45 mcg,100 mcg,"Detox (sulfites), uric acid.",Essential trace element.,Low.,TRUE,1; 6
Monolaurin,Monolaurin,Blue,500 mg,1500 mg,Virus (enveloped).,From coconut oil/lauric acid.,Low.,FALSE,1
MSM,MSM (Methylsulfonylmethane),Green,1 g,3 g,"Sulfur donor, joint health, antioxidant.",Well absorbed.,Low.,FALSE,9; 1
MSM,MSM,Green,1 g,3 g,Keratin/collagen support.,Beauty mineral.,Low.,FALSE,9; 1
MSM,MSM,Green,1 g,3 g,Joint pain.,Sulfur.,Low.,FALSE,9
Mucuna Pruriens,Mucuna Pruriens (L-Dopa),Green,200 mg,400 mg,Dopamin (L-Dopa).,Motivations-boost.,Medium. Downregulation?,FALSE,5; 4
Muira Puama,Muira Puama,Blue,500 mg,1000 mg,Libido.,"""Potency wood"".",Low.,FALSE,2
Munkpeppar,Vitex (Chasteberry),Green,20 mg,40 mg,"PMS, hormonbalans.",Increases progesterone (lowers prolactin).,Low.,FALSE,1
Myo-Inositol,Myo-Inositol,Green,2 g,12 g,"PCOS, anxiety, sleep.",B-vitamin relative.,Low.,FALSE,6; 5
N-Acetyl L-Tyrosin,N-Acetyl L-Tyrosine (NALT),Blue,350 mg,700 mg,"Stress, dopamin.",More soluble but poorer conversion than L-Tyr?,Low.,FALSE,4; 5
N-Acetyl-Tyrosin,N-Acetyl L-Tyrosine (NALT),Blue,350 mg,700 mg,Water-soluble Tyrosine.,Worse conversion than L-Tyrosine?,Low.,FALSE,4
N-Metyltyramin,N-Methyltyramine,Blue,50 mg,100 mg,"Energy, fat burning.",Does gastrin increase?,Low.,FALSE,6
NAC,N-Acetyl Cysteine,Green,600 mg,1800 mg,"Slem, lever, OCD.",Glutation-prekursor.,Low.,FALSE,1; 5
NAC,NAC,Green,600 mg,1200 mg,"Glutation-boost, hud.",Sulfur source.,Low.,FALSE,1; 8
NAC,NAC,Green,600 mg,1200 mg,"Slem, lungor, glutation.",In case of respiratory problems.,Low.,FALSE,1
NAC,NAC,Green,1200 mg,2400 mg,"Obsessive-Compulsive Disorder (OCD), dependence.",Glutamat-modulering.,Low.,FALSE,5
NAC (N-Acetylcystein),N-Acetyl Cysteine,Green,600 mg,1800 mg,"Glutathione precursor, mucolytic.",Sulfur smell. Bioavailable.,Low.,FALSE,8; 6; 5
name_sv,name_en,research_status,dosing_base_g_mg,dosing_max_g_mg,dosing_notes,bioavailability_notes,interaction_risk,is_base_health,category_links
Natriumbikarbonat,Sodium Bicarbonate,Green,15 g,20 g,Lactic acid buffer (acute).,0.3g/kg body weight. Stomach pains!,Medium. Stomach cramps/Diarrhea.,FALSE,3
Nattokinase,Nattokinase,Green,2000 FU,4000 FU,Blodcirkulation.,Fibrinolytisk.,Medium. Blood-thinning.,FALSE,1
Niacin,Niacin (Nicotinic Acid),Green,500 mg,2000 mg,HDL/LDL-kvot.,Flush-varianten.,Medium. Liver?,FALSE,1
Niacinamid,Niacinamide (Nicotinamide),Green,50 mg,500 mg,"Hud, NAD+, ingen flush.",Good for acne/skin barrier.,Low.,TRUE,1; 8
Niacinamid (B3),Niacinamide,Green,500 mg,1000 mg,"Acne, skin barrier, redness.",Ingen flush.,Low.,TRUE,1
NMN,Nicotinamide Mononucleotide,Blue,500 mg,1000 mg,Taken in the morning for NAD+ support.,Sublingual or liposomal is preferred.,Low. Affects methylation (include TMG).,FALSE,8; 3; 4
NMN,NMN,Blue,250 mg,1000 mg,"NAD+, metabolism.",Age-related insulin resistance.,Low.,FALSE,6; 8
Noopept,Noopept,Blue,10 mg,30 mg,"Minne, BDNF/NGF.",Mycket potent (mg-dos).,Low.,FALSE,4
Nässla (Blad),Nettle Leaf,Green,300 mg,600 mg,"Allergi, njurar.",Histamine-inhibiting.,Low.,FALSE,1
Nässla (Rot),Nettle Root,Green,300 mg,600 mg,Prostata (BPH).,SHBG-bindning.,Low.,FALSE,1; 2
Odenaturerat Kollagen (Typ II),Undenatured Collagen Type II (UC-II),Green,40 mg,40 mg,Immune modulation for joint health.,Verkar i tarmen (Peyer's patches).,Low.,FALSE,9
Oktopamin,Octopamine,Blue,100 mg,250 mg,Fat burning (Norepinephrine).,Weaker than synephrine.,Low.,FALSE,6
Oleamid,Oleamide,Blue,50 mg,100 mg,Sleep induction.,Accumulates during sleep deprivation.,Low.,FALSE,7
Olivbladsextrakt,Olive Leaf Extract,Green,500 mg,1000 mg,"Blodtryck, immun, antiviral.",Oleuropein is an active substance.,Low. Herxheimer reaction?,FALSE,1
Olivbladsextrakt,Olive Leaf Extract,Green,500 mg,1000 mg,"Virus, blodtryck.",Oleuropein.,Low.,FALSE,1
Omega-3 (EPA/DHA),Omega-3 (EPA/DHA),Green,2 g,4 g,Dose refers to the total amount of EPA+DHA.,Taken with a high-fat meal.,Low. Anticoagulant at high dose.,TRUE,1; 4; 9
Omega-3 (Fiskolja),Fish Oil,Green,2 g,4 g,"Hudfukt, inflammation.",EPA for inflammation.,Low.,TRUE,1; 4
Omega-3 (Hög EPA),Omega-3 (High EPA),Green,1 g,3 g,"Depression, inflammation.",EPA is most important for mood.,Low.,TRUE,5; 1
Oreganoolja,Oregano Oil,Blue,50 mg,200 mg,"Antimikrobiell, candida.","Strong, may irritate mucous membranes.",Medium. Does it eliminate good bacteria?,FALSE,1
Oreganoolja,Oregano Oil,Blue,100 mg,200 mg,Bakterier/Virus/Svamp.,Carvacrol.,Medium. Strong for the stomach.,FALSE,1
Ornitin,L-Ornithine,Green,2 g,6 g,"Reduces ammonia, sleep.",Synergy with Arginine.,Low.,FALSE,3; 7
Ostronskivling,Oyster Mushroom,Blue,500 mg,1000 mg,Kolesterol (naturlig lovastatin).,May contain statin-like substances.,Low.,FALSE,1
Oxgalla,Ox Bile,Green,100 mg,500 mg,Fat digestion (without gallbladder).,Replaces bile.,Low.,FALSE,1
Oxiracetam,Oxiracetam,Blue,750 mg,1500 mg,"Logik, minne, stimulans.",Water-soluble.,Low.,FALSE,4
P-5-P (Vitamin B6),P-5-P (Pyridoxal-5-Phosphate),Green,20 mg,50 mg,"Active B6, cofactor for neurotransmitters.",Does not require liver conversion.,Low. High doses may cause neuropathy.,TRUE,1; 5
PABA,PABA,Blue,100 mg,400 mg,"Skin, hair, B-vitamin cofactor.",Part of the folic acid molecule.,Low. Sulfa drug interaction.,FALSE,1
PABA,PABA,Blue,200 mg,500 mg,Gray hair (in the past).,Part of folate.,Low.,FALSE,1
Pantetin,Pantethine,Blue,300 mg,900 mg,"Aktiv B5, kolesterol.",Better than pantothenic acid for lipids.,Low.,FALSE,6; 1
Pantotensyra (B5),Pantothenic Acid (B5),Green,500 mg,2000 mg,"Acne (high dose), fat metabolism.",Water-soluble.,Low.,TRUE,1
Papayaenzym,Papaya Enzyme (Papain),Green,50 mg,100 mg,Protein-nedbrytning.,Tuggtabletter vanliga.,Low.,FALSE,1
Passionsblomma,Passion Flower,Green,250 mg,500 mg,"Anxiety, sleep.",Increases GABA.,Low. Drowsiness.,FALSE,5; 7
Passionsblomma,Passion Flower,Green,200 mg,500 mg,"Anxiety, sleep.",GABA-effekt.,Low.,FALSE,5; 7
Pepparmynta,Peppermint Oil,Green,0.2 ml,0.4 ml,"IBS, kramp i tarm.",Enteric capsules are best.,Low. Reflux risk if not encapsulated.,FALSE,1
Pepparmyntsolja,Peppermint Oil (Enteric),Green,0.2 ml,0.4 ml,"IBS, antispasmodic.",Enteric capsules for the intestine.,Low. Heartburn if not encapsulated.,FALSE,1
Phenylalanine,L-Phenylalanine,Green,500 mg,1500 mg,Mood (Dopamine).,Feel good.,Low. PKU warning.,FALSE,5; 4
PHGG,PHGG (Guar Gum),Green,5 g,10 g,"IBS, prebiotika.",Well-tolerated fiber (non-gas forming).,Low.,FALSE,1
Polygala Tenuifolia,Polygala Tenuifolia,Blue,100 mg,300 mg,"Mood, focus, neuroplasticity.",Unique mechanism of action.,Low.,FALSE,4; 5
Poria,Poria Cocos,Blue,500 mg,1000 mg,"Kidney health, calming.",Traditional Chinese Medicine.,Low.,FALSE,1
PQQ,PQQ (Pyrroloquinoline Quinone),Blue,10 mg,20 mg,Mitokondriell biogenes.,Synergy with Q10.,Low.,FALSE,8; 4
PQQ,PQQ,Blue,10 mg,20 mg,Hudens mitokondrier.,New in skincare.,Low.,FALSE,8; 1
PQQ,PQQ,Blue,10 mg,20 mg,Mitochondria (Brain/Heart).,New formation of mitochondria.,Low.,FALSE,8
Pramiracetam,Pramiracetam,Blue,300 mg,600 mg,"Starkt fokus, minne.","Fat-soluble, ""emotional blunting.""",Low.,FALSE,4
Prebiotika (GOS),Prebiotic (GOS),Green,2 g,5 g,Galaktooligosackarider.,Kinder than inulin?,Low.,FALSE,1
Prebiotika (Inulin),Prebiotic (Inulin/FOS),Green,3 g,10 g,Food for bacteria.,May cause gas (FODMAP).,Low.,FALSE,1
Pregnenolon,Pregnenolone,Green,10 mg,30 mg,"""Master hormone"", minne.",Neurosteroid.,Medium. Hormonal influence.,FALSE,8; 4
Probiotika (Allmän),Probiotics (Multi-strain),Green,5 Mrd,50 Mrd,Tarm-immun-axel.,70% of the immune system is in the gut.,Low.,FALSE,1
Probiotika (B. Longum),Probiotic (B. Longum),Green,1 Mrd,10 Mrd,"Stress stomach, anxiety.",Psykobiotika.,Low.,FALSE,1; 5
Probiotika (L. Acidophilus),Probiotic (L. Acidophilus),Green,1 Mrd,10 Mrd,"General gut health, lactose.",Vanligaste stammen.,Low.,FALSE,1
Probiotika (L. Reuteri),Probiotic (L. Reuteri DSM 17938),Green,100M CFU,1B CFU,"Colic, magnesium health, vitamin D absorption.",Stam-specifik effekt.,Low.,FALSE,1; 6
Probiotika (L. Rhamnosus),Probiotic (L. Rhamnosus GG),Green,5 Mrd,20 Mrd,"Diarré, immun, allergi.",Well-studied (LGG).,Low.,FALSE,1
Probiotika (S. Boulardii),Probiotic (Saccharomyces Boulardii),Green,250 mg,500 mg,Mot antibiotika-diarré.,"Yeast fungus, does not die from antibiotics.",Low. Not for immunosuppressed.,FALSE,1
Prolin,L-Proline,Blue,500 mg,1000 mg,"Collagen structure, joint health.",Icke-essentiell.,Low.,FALSE,9
Propolis,Bee Propolis,Green,500 mg,1000 mg,"""Bikupa-antibiotika"".",Throat/Oral cavity.,Low.,FALSE,1
Psyllium,Psyllium Husk,Green,5 g,10 g,Blodsocker.,Fiber.,Low.,FALSE,6
Psylliumfröskal,Psyllium Husk,Green,5 g,15 g,"Fiber, lowers cholesterol, satiety.",Must be taken with plenty of water.,Low. May affect medication absorption.,FALSE,6; 1
Pterostilben,Pterostilbene,Blue,50 mg,150 mg,More potent analog of resveratrol.,Better oral bioavailability than resveratrol.,Low.,FALSE,8; 4
Pumpakärnolja,Pumpkin Seed Oil,Green,1 g,2 g,"Hair loss, prostate.",Naturlig beta-sitosterol.,Low.,FALSE,1
Pumpakärnor,Pumpkin Seed Extract,Green,500 mg,1000 mg,"Bladder, prostate.",Betasitosterol.,Low.,FALSE,1
Pycnogenol,Pycnogenol (Pine Bark),Green,50 mg,150 mg,"Cirkulation, hud, NO.",Patenterat extrakt.,Low.,FALSE,3; 8
Pycnogenol,Pycnogenol,Green,50 mg,100 mg,"Hudelasticitet, pigmentering.",Tallbarksextrakt.,Low.,FALSE,1
Pycnogenol,Pycnogenol,Green,50 mg,150 mg,Cirkulation.,Nitric oxide.,Low.,FALSE,1
Pygeum,Pygeum Africanum,Green,50 mg,100 mg,Prostate health.,Often combined with Saw Palmetto.,Low.,FALSE,1
Pygeum,Pygeum,Green,100 mg,200 mg,Prostata.,African plum.,Low.,FALSE,1
Q10,CoQ10,Green,100 mg,300 mg,"Heart failure, statin side effect.",Energy for the heart.,Low.,FALSE,1; 3
Q10 (Ubiquinol),CoQ10 (Ubiquinol),Green,100 mg,300 mg,"Mitochondrial energy, heart health.","Ubiquinol is the reduced, active form.",Low. Interacts with Warfarin.,FALSE,8; 1; 3
Quercetin,Quercetin,Green,500 mg,1000 mg,"Allergy, zinc ionophore, senolytic.",Poor absorption (phytosome better).,Low.,FALSE,1; 8
Quercetin,Quercetin,Green,500 mg,1000 mg,"Virus entry, zinc ionophore.",Taken with zinc.,Low.,FALSE,1
Quercetin (Fytosom),Quercetin Phytosome,Green,250 mg,500 mg,"Allergi, senolytisk.",Much higher absorption than usual.,Low.,FALSE,1; 8
Rauwolscine,Rauwolscine (Alpha-Yohimbine),Blue,1 mg,3 mg,"Liknar yohimbin, mer potent.",Stereoisomer of yohimbine.,High. Strong stimulant.,FALSE,6
Reishi,Reishi Mushroom,Green,1 g,3 g,"Calm, sleep, immune.","""Mushroom of Immortality"".",Low.,FALSE,7; 1
Reishi,Reishi,Green,1 g,3 g,Immunmodulerande.,Beta-glucans.,Low.,FALSE,1
Resistent Stärkelse,Resistant Starch,Green,10 g,30 g,"Butyrat-produktion, tarmflora.","Potato starch, green banana.",Low.,FALSE,1
Resistent Stärkelse,Resistant Starch,Green,10 g,30 g,Butyrat-produktion.,"Potato starch, green banana.",Low.,FALSE,1
Resveratrol,Resveratrol,Blue,250 mg,500 mg,Anti-aging hud.,Sirtuin-aktivering.,Low.,FALSE,8; 1
Resveratrol,Resveratrol,Blue,250 mg,500 mg,Cerebral blood flow.,Sirtuiner.,Low.,FALSE,8
Resveratrol,Resveratrol,Blue,250 mg,500 mg,Metabolic health.,AMPK/Sirtuin.,Low.,FALSE,6; 8
Resveratrol (Trans),Resveratrol (Trans),Blue,500 mg,1000 mg,Aktiverar sirtuiner.,"Poor absorption, requires fat/micronization.",Medium. CYP450 interactions.,FALSE,8; 6
Rhodiola Rosea,Rhodiola Rosea,Green,200 mg,600 mg,Standardized to 3% Rosavins.,Taken in the morning (can be stimulating).,Low.,FALSE,5; 4; 3
Risprotein,Rice Protein,Green,20 g,40 g,Veganskt.,Combine with pea for completeness.,Low.,FALSE,2
Rutin,Rutin,Green,250 mg,500 mg,"Vascular health, hemorrhoids.",Glycoside of quercetin.,Low.,FALSE,1
Rödalm,Slippery Elm,Green,500 mg,1500 mg,"Heartburn, IBS.",Slemsubstans (mucilage).,Low. Not to be taken with medication.,FALSE,1
Rödalmsbark,Slippery Elm Bark,Green,400 mg,1600 mg,"Heartburn, intestinal mucosa.",Bildar slem (mucilage).,Low. May hinder medication absorption.,FALSE,1
Rödbetsjuice,Beetroot,Green,500 mg,1500 mg,Blodtryck (Nitrat).,Nitric oxide (vasodilation).,Low.,FALSE,1; 3
Rödbetsjuice (Konc),Beet Root Juice Concentrate,Green,70 ml,140 ml,Prestation (nitratladdning).,Dosering ca 400mg nitrat.,Low.,FALSE,3
Rödbetspulver (Nitrat),Beet Root Powder (Nitrates),Green,5 g,10 g,"Nitric oxide, blood pressure, endurance.",Standardize for nitrate content.,Low. Lowers blood pressure.,FALSE,3; 1
Rödklöver,Red Clover,Green,40 mg,80 mg,Klimakteriet.,Phytoestrogen.,Medium.,FALSE,1
Rödris,Red Yeast Rice,Green,600 mg,1200 mg,Kolesterol.,Naturlig statin (Monacolin K).,Medium. Q10 deficiency?,FALSE,1
S. Boulardii,Saccharomyces Boulardii,Green,250 mg,500 mg,"Yeast-probiotics, antibiotic gut.",Does not die from antibiotics.,Low. Not for immunosuppressed.,FALSE,1
Sabroxy (Oroxylum),Sabroxy (Oroxylum indicum),Blue,100 mg,500 mg,"Focus, dopamine reuptake.",BDNF support.,Low.,FALSE,4
Saccharomyces Boulardii,Saccharomyces Boulardii,Green,5 mdr,10 mdr,"Yeast probiotics, diarrhea.",Motverkar antibiotika-biverkningar.,Low.,FALSE,1
Saffran,Saffron,Green,30 mg,30 mg,"Depression, anxiety.",Serotonin-effekt?,Low.,FALSE,5
Saffran (Affron),Saffron (Affron),Green,14 mg,28 mg,"Mood, depression, sleep.",Kliniskt studerat extrakt.,Low.,FALSE,5; 4
Saffran (Extrakt),Saffron Extract (Affron/Satiereal),Green,15 mg,30 mg,"Mood, eye health, appetite suppression.",Affects serotonin/dopamine.,Low.,FALSE,5; 4; 6
SAMe,SAMe (S-Adenosyl Methionine),Green,400 mg,1200 mg,"Depression, leder, lever.",Metylgivare.,Mania in bipolar disorder.,FALSE,5; 9
Sarcosin,Sarcosine,Blue,1000 mg,2000 mg,Glycine transporter inhibitor.,Schizofreni/kognition.,Low.,FALSE,4
Saw Palmetto,Saw Palmetto,Green,160 mg,320 mg,"BPH, prostate, hair loss.",Inhibits 5-alpha-reductase.,Low.,FALSE,1
Saw Palmetto,Saw Palmetto,Green,320 mg,320 mg,Prostate enlargement.,Standardiserad fettsyra.,Low.,FALSE,1
Schisandra,Schisandra Berry,Green,500 mg,1500 mg,"Lever, stress, fokus.",Phase 1 & 2 detox support.,Low.,FALSE,5; 1
Scullcap,Skullcap (Baikal),Green,200 mg,400 mg,"Lugnande, nervskydd.",Contains Baicalin.,Low.,FALSE,5
Selen,Selenium,Green,100 mcg,200 mcg,"Antioxidant, virus defense.",Deficiency increases virus virulence.,Low.,TRUE,1
Selen (Selenometionin),Selenium (Selenomethionine),Green,100 mcg,200 mcg,"Thyroid, antioxidant.","Organic form, stored in tissue.",Medium. Toxic in case of overdose (>400mcg).,TRUE,1; 8
Sellerifröextrakt,Celery Seed Extract,Green,75 mg,150 mg,"Blodtryck (3nB), gikt.",Standardized for phthalides.,Low.,FALSE,1
Serrapeptase,Serrapeptase,Blue,40000 SPK,120000 SPK,"Scar tissue, inflammation.","Enzym, tom mage.",Low.,FALSE,9
Shiitake,Shiitake Mushroom,Green,500 mg,1000 mg,"Heart, immune.",AHCC is an extract from this.,Low.,FALSE,1
Silverax,Black Cohosh,Green,40 mg,80 mg,"Vallningar, klimakteriet.",No estrogen (serotonin?).,Low. Liver risk (rare).,FALSE,1
Smörsyra (Butyrat),Butyrate (Sodium/Calcium),Blue,300 mg,600 mg,"Gut health, inflammation.",Smells bad (butter). Cellular energy.,Low.,FALSE,1
Sojaisoflavoner,Soy Isoflavones,Green,40 mg,80 mg,"Klimakteriet, ben.",Phytoestrogen.,Medium. Hormone-sensitive cancer?,FALSE,1
Sojaprotein,Soy Protein,Green,20 g,40 g,"Veganskt, komplett.",Contains isoflavones.,Low.,FALSE,2
Spermidine,Spermidine,Blue,1 mg,5 mg,Promotes autophagy. Wheat germ extract.,Taken with food.,Low. Often contains gluten (from wheat).,FALSE,8; 1
Spirulina,Spirulina,Green,3 g,10 g,"Nutrient-dense, heavy metal detox.",Kontrollera renhet (toxiner).,Low.,FALSE,1; 6
Sulbutiamin,Sulbutiamine,Blue,200 mg,400 mg,"Fatigue, motivation.","Synthetic B1 dimer, fat-soluble.",Low. Tolerance development.,FALSE,4
Sulforafan,Sulforaphane (Broccoli Sprout),Green,10 mg,30 mg,"Potent detox, Nrf2 activation.",Requires myrosinase for activation.,Low.,FALSE,8; 6; 1
Svartkumminolja,Black Seed Oil (Nigella Sativa),Green,1 g,3 g,"Immun, allergi, mage.",Contains Thymoquinone.,Low.,FALSE,1
Svartvinbärsolja,Black Currant Seed Oil,Green,500 mg,1000 mg,GLA source.,"Skin, hair.",Low.,FALSE,1
Synefrin,Synephrine (Bitter Orange),Green,10 mg,50 mg,"Metabolism, mild stimulant.",Resembles ephedrine but weaker/surer.,Medium. Blood pressure.,FALSE,6; 3
Synefrin,Bitter Orange (Synephrine),Green,20 mg,50 mg,"Metabolism, fat burning.",P-synephrine is the safest.,Medium.,FALSE,6
Sågpalmetto,Saw Palmetto,Green,160 mg,320 mg,Hair loss (male/female).,Blockerar DHT.,Low.,FALSE,1
Tallbarksextrakt,Pine Bark Extract (Pycnogenol),Green,50 mg,150 mg,"Blood flow, NO, skin.",Similar to grape seed extract.,Low.,FALSE,3; 8
Tart Cherry,Tart Cherry Extract,Green,400 mg,1000 mg,"Melatonin, urinsyra (gikt).",Recovery sports.,Low.,FALSE,7; 3
Tart Cherry,Tart Cherry,Green,500 mg,1000 mg,Sleep (natural melatonin).,Also anti-inflammatory.,Low.,FALSE,7; 3
Taurin,Taurine,Green,1 g,3 g,"Cell volume, heart, calm.",Finns i energidryck (motverkar skak).,Low.,FALSE,3; 1
Taurin,Taurine,Green,1 g,3 g,Heart health.,Osmoregulation.,Low.,FALSE,1; 3
Tauroursodeoxycholsyra,TUDCA,Green,250 mg,1000 mg,"Liver health, bile flow.",Protects against cell death (ER stress).,Low.,FALSE,1; 6
Tautin,Taurine,Green,1 g,3 g,"Heart health, cramps, calming.",GABA-agonist.,Low.,FALSE,3; 1; 5
Teakrin,Theacrine (Teacrine),Green,50 mg,200 mg,Energi utan krasch.,Liknar koffein men mindre tolerans.,Low.,FALSE,3; 4
Teanin,L-Theanine,Green,200 mg,400 mg,"Relaxation, focus.",Alpha waves.,Low.,FALSE,5; 4
Teanin,Theanine,Green,100 mg,200 mg,"Fokus, lugn.",Alpha waves.,Low.,FALSE,4; 5
Teobromin,Theobromine,Green,100 mg,400 mg,"Kakao-extrakt, mild energi.","Vasodilates, long half-life.",Low. Toxic to dogs!,FALSE,3; 4
Teobromin (Kakao),Cocoa Extract (Theobromine),Green,300 mg,600 mg,"Circulation, mood.",Antioxidants (flavanols).,Low.,FALSE,1; 3
Tokotrienoler,Tocotrienols,Blue,50 mg,100 mg,"Potent E-vitaminform, kolesterol.",Better antioxidant protection than tocopherols.,Low.,FALSE,8; 1
Tongkat Ali,Tongkat Ali (Longjack),Green,200 mg,400 mg,"Testosteron, stress, libido.",Extrakt (t.ex. 200:1).,Low.,FALSE,2; 5
Tongkat Ali,Tongkat Ali,Green,200 mg,400 mg,"Testosteron, libido.",Lowers SHBG.,Low.,FALSE,2
Tranbär,Cranberry (PACs),Green,36 mg,72 mg,Urinary tract infection.,Hindrar adhesion.,Low.,FALSE,1
Tranbär (PACs),Cranberry (Standardized PACs),Green,36 mg,72 mg,Dosage of proanthocyanidins.,Prevents E.coli adhesion.,Low.,FALSE,1
Tranbärsextrakt,Cranberry Extract,Green,250 mg,500 mg,Urinary tract health.,Contains PACs (proanthocyanidins).,Low.,FALSE,1
Tremella,Tremella Mushroom,Blue,500 mg,1000 mg,"Skin, moisture, beauty.","""Snow fungus"".",Low.,FALSE,1; 9
Tribulus,Tribulus Terrestris,Blue,750 mg,1500 mg,Libido (ej Testo).,"Increases desire, not muscle.",Low.,FALSE,2
Tribulus Terrestris,Tribulus Terrestris,Green,500 mg,1500 mg,Libido (not testosterone in men).,Protodioscin is the active ingredient.,Low.,FALSE,2
Tryptofan,L-Tryptophan,Green,500 mg,2000 mg,"Serotonin, sleep.",Safer than 5-HTP (rate-limited).,Low.,FALSE,7; 5
Turkesterone,Turkesterone (Ajuga),Blue,500 mg,1000 mg,Muskelbyggande (ekdysteroid).,"Plant sterol, not androgen.",Low.,FALSE,2
Turkey Tail,Turkey Tail Mushroom,Green,2 g,3 g,"Cancer support, immune.",PSK/PSP polysackarider.,Low.,FALSE,1
Turkey Tail,Turkey Tail,Green,2 g,3 g,Immune support (chemotherapy).,PSK.,Low.,FALSE,1
Tyrosin,L-Tyrosine,Green,1 g,3 g,"Dopamine, focus during stress.",Required for thyroid hormone.,Low.,FALSE,4; 3
Tyrosin,L-Tyrosine,Green,1 g,3 g,"Stress, dopamin.","""Drive"".",Low.,FALSE,5; 3
Tyrosin,Tyrosine,Green,1 g,3 g,Kognitiv stress.,Arbetsminne under press.,Low.,FALSE,4
Uridinmonofosfat,Uridine Monophosphate,Blue,250 mg,500 mg,"Dopaminreceptorer, synapser.",Synergy with DHA/Choline.,Low.,FALSE,4
Valeriana,Valerian,Green,300 mg,600 mg,"Sleep, anxiety.",Valerensyra.,Low.,FALSE,7; 5
Valerianarot,Valerian Root,Green,300 mg,600 mg,"Sleep, calming.",Increases GABA activity.,Medium. Drowsiness.,FALSE,7; 5
Vanadin,Vanadium (Vanadyl Sulfate),Blue,10 mcg,100 mcg,Blodsocker (insulin-mimic).,Trace elements.,Medium. Toxic in high dose.,FALSE,6
Vassleprotein,Whey Protein,Green,20 g,50 g,Snabbt protein (post-workout).,High in Leucine. Anabolic.,Low.,FALSE,2
Vetegroddsextrakt,Wheat Germ Extract (Spermidine),Blue,800 mg,1600 mg,Source of Spermidine.,Cell renewal.,Low. Gluten?,FALSE,8
Vetegräs,Wheatgrass,Green,3 g,10 g,"Nutrition, pH balance.",Contains enzymes and vitamins.,Low.,FALSE,1
Vinpocetin,Vinpocetine,Green,10 mg,30 mg,Cerebral blood flow.,Synthetic from Periwinkle.,Low.,FALSE,4
Vinpocetin,Vinpocetine,Green,10 mg,30 mg,Blood flow brain.,Vasodilator.,Low.,FALSE,4
Vit Kidneyböna,White Kidney Bean Extract,Green,445 mg,1500 mg,Carbohydrate blockers (amylase inhibitors).,Take before starchy food.,Low. Gas/bloating.,FALSE,6
Vit Njur-böna,White Kidney Bean,Green,1000 mg,2000 mg,Kolhydratblockerare.,Inhibits alpha-amylase.,Low. Gases.,FALSE,6
Vitamin A,Vitamin A,Green,3000 IU,10000 IU,"Skin cell turnover, acne.",Retinol (animal) is best.,Medium. Pregnancy (max dose).,TRUE,1
Vitamin B1 (Tiamin),Vitamin B1 (Thiamine),Green,1.1 mg,100 mg,"Kolhydratmetabolism, nerver.",Water-soluble.,Low.,TRUE,1; 6
Vitamin B12 (Adenosyl),Vitamin B12 (Adenosylcobalamin),Blue,1000 mcg,3000 mcg,Mitokondriell B12.,Good for energy/Krebs cycle.,Low.,FALSE,4; 6
Vitamin B12 (Cyanokobalamin),Vitamin B12 (Cyanocobalamin),Green,2.4 mcg,1000 mcg,Standardform B12.,Worse absorption than methyl/adeno.,Low.,TRUE,1
Vitamin B12 (Metylkobalamin),Vitamin B12 (Methylcobalamin),Green,1000 mcg,5000 mcg,"Active form, good for nerve health.",Sublingual absorption is effective.,Low.,TRUE,1; 4
Vitamin B2 (Riboflavin),Vitamin B2 (Riboflavin),Green,1.4 mg,100 mg,"Energy, migraine (high dose).",Colors urine neon yellow.,Low.,TRUE,1; 5
Vitamin B3 (Niacin),Vitamin B3 (Niacin - Nicotinic Acid),Green,16 mg,500 mg,"Kolesterol, NAD+.",Orsakar hudrodnad (flush).,Medium. Liver impact at extreme dose.,TRUE,1; 6; 8
Vitamin B5 (Pantotensyra),Vitamin B5 (Pantothenic Acid),Green,5 mg,500 mg,"Binjurar, coenzym A, akne.",Water-soluble.,Low.,TRUE,1; 5
Vitamin C,Vitamin C (Ascorbic Acid),Green,500 mg,2000 mg,"Immune system, cortisol, collagen.","Water-soluble, excess is excreted in urine.",Low. Diarrhea at high dose.,TRUE,1; 5; 9
Vitamin C,Vitamin C,Green,500 mg,2000 mg,"Kollagensyntes, lyster.",Askorbinsyra.,Low.,TRUE,1; 9
Vitamin D3,Vitamin D3 (Cholecalciferol),Green,2000 IU,5000 IU,Taken with K2 at higher doses.,"Fat-soluble, taken with food.",Low. Overdose may cause hypercalcemia.,TRUE,1; 2; 5
Vitamin E,Vitamin E,Green,200 IU,400 IU,"Hudskydd, antioxidant.",Blandade tokoferoler.,Low.,TRUE,1
Vitamin E (Tokoferoler),Vitamin E (Mixed Tocopherols),Green,15 mg,268 mg,"Antioxidant, cellmembran.",Choose mixed tocopherols (not just alpha).,Medium. Blood thinner.,TRUE,1; 8
Vitamin K2,Vitamin K2,Green,100 mcg,200 mcg,Arterial stiffness.,Prevents calcium in vessels.,Medium. Warfarin.,TRUE,1; 9
Vitamin K2 (MK-7),Vitamin K2 (MK-7),Green,90 mcg,200 mcg,Important for directing calcium to the skeleton.,Fat-soluble. Long half-life.,Medium. Interacts with Warfarin.,TRUE,1; 8; 9
Vitlök,Garlic (Aged/Allicin),Green,600 mg,1200 mg,"Immune, heart.",Allicin is active.,Low.,TRUE,1
Vitlök (Allicin),Garlic Extract (Allicin),Green,300 mg,1000 mg,"Blood pressure, immune system.",Standardized for Allicin content.,Low. Anticoagulant.,TRUE,1
Vitlök (Kyolic),Aged Garlic Extract,Green,600 mg,1200 mg,"Blodtryck, plack.",AGE (Aged Garlic Extract).,Low.,FALSE,1
Vitpilbark,White Willow Bark,Green,240 mg,480 mg,Pain (Salicin).,Naturlig aspirin.,Medium. Stomach ulcer? Salicylate.,FALSE,9
Växtsteroler,Plant Sterols,Green,2 g,3 g,Kolesterol.,Blockerar upptag.,Low.,FALSE,1
Wild Yam,Wild Yam,Blue,500 mg,1000 mg,Hormonbalans?,Diosgenin (requires lab conversion).,Low. Placebo?,FALSE,1
Yerba Mate,Yerba Mate,Green,1 g,3 g,"Energi, fokus, GLP-1?",Contains caffeine/theobromine.,Low.,FALSE,3; 6
Yohimbin,Yohimbine HCL,Green,2.5 mg,15 mg,Fat burning (alpha-2 antagonist).,May cause anxiety/palpitations.,High. Dose cautiously!,FALSE,6; 3
Yohimbin,Yohimbine,Green,5 mg,15 mg,"Erection, fat burning.",Alfa-2 blockerare.,High. Anxiety/Heart.,FALSE,2; 6
Zink,Zinc,Green,15 mg,30 mg,"Skin healing, acne, hormones.",Picolinate/Glycinate best.,Low. Copper balance.,TRUE,1; 2
Zink,Zinc,Green,15 mg,30 mg,"Immun, testosteron.",Kelaterad form.,Low.,TRUE,1; 2
Zink,Zinc Lozenges,Green,15 mg,30 mg,Halsont (lokal effekt).,Sugtabletter (Acetat/Glukonat).,Low.,FALSE,1
Zink,Zinc,Green,30 mg,50 mg,"Testosteron, prostata.",Important for men's health.,Medium. Copper deficiency.,TRUE,2; 1
Zink,Zinc,Green,15 mg,30 mg,Depression.,Modulerar NMDA/BDNF.,Low.,TRUE,5; 1
Zink,Zinc,Green,15 mg,30 mg,Synaptic plasticity.,Neurotransmitter modulation.,Low.,TRUE,4; 1
Zink,Zinc,Green,15 mg,30 mg,Insulinlagring.,Insulin-hexamerer.,Low.,TRUE,6; 1
Zink L-Carnosine,Zinc L-Carnosine,Green,75 mg,150 mg,Specific for gut health/mucous membranes.,Dissolves slowly in the stomach for local effect.,Low.,FALSE,6; 1
Zinkpikolinat,Zinc Picolinate,Green,15 mg,30 mg,Balance with copper during long-term use.,Picolinate has excellent absorption.,Medium. May inhibit copper absorption.,TRUE,1; 2
ZMA,ZMA (Zinc/Mg/B6),Green,1 dos,1 dos,"Sleep, recovery.",Popular stack.,Low.,FALSE,7; 2
Åkerfräken,Horsetail Extract,Green,300 mg,600 mg,Silica source.,Often in hair complex.,Low.,FALSE,1
Äggprotein,Egg White Protein,Green,20 g,40 g,"Moderately fast, high BV.",Laktosfritt alternativ.,Low.,FALSE,2
Äppelcidervinäger,Apple Cider Vinegar (ACV),Green,500 mg,1500 mg,"Blood sugar, digestion.",Kapslar skonar tandemaljen.,Low.,FALSE,6; 1
Äppelcidervinäger,Apple Cider Vinegar,Green,15 ml,30 ml,Insulinsvar mat.,Acetic acid.,Low.,FALSE,6
Ärtprotein,Pea Protein,Green,20 g,40 g,"Veganskt, bra aminosyraprofil.",High in Arginine.,Low.,FALSE,2
